model_name,RMSE
max_d_6_learn_r_7,0.03447316761379964
max_d_7_learn_r_7,0.027572547242484508
max_d_8_learn_r_7,0.023205064163676084
max_d_9_learn_r_7,0.020866304609778317
max_d_10_learn_r_7,0.020081596957300992
